共产主义远大理想与中国特色社会主义共同理想,15775087
理解共产主义的四个维度,15775086
社会主义在实践探索中开拓前进,15775085
科学社会主义,15775084
金融寡头及其统治,15775083
国家垄断资本主义,15775082
垄断的形成,15775081
经济全球化,15775080
生产剩余价值的两种方法,15775079
劳动二重性学说,15775078
商品的使用价值和价值,15775077
商品经济的形成和发展,15775076
无产阶级政党的群众路线,15775074
人民群众在创造历史中的作用,15775073
人民群众是历史的创造者,15775072
个人在社会历史中的作用,15775071
实践是检验真理的唯一标准,15775069
真理及其客观性,15775068
认识的本质及发展规律,15775067
认识的来源,15775066
否定之否定规律,15775065
质量互变规律,15775064
矛盾的普遍性与特殊性2,15775063
矛盾的普遍性与特殊性1,15775062
矛盾的含义,15775061
事物的普遍联系和发展一,15775060
哲学的基本问题,15775059
什么是哲学,15775058
马克思主义的鲜明特征,15775056
走进马克思恩格斯,15775055
马克思主义创立的客观条件,15775054
什么是马克思主义,15775053
